Workbook

Sheet Pre-registration
A1: Pre-registration — commit before running
A2: Fill and save (or git-commit) this sheet BEFORE seeing any result. It removes researcher degrees of freedom.
A4: Field | B4: Value
A5: Date
A6: Spec version (git SHA or tag)
A7: Primary outcome | B7: Downside-category performance (rows where scope = downside).
A8: Success criterion | B8: Spec wins or ties axes A (accuracy) and B (calibration) on trap rows AND does not lose axis C (contra) anywhere AND does not lose A/B/D on downside rows by more than a slight margin.
A9: Null result | B9: Roughly balanced A/B trap wins offset by downside D losses.
A10: Failure | B10: Spec loses axis C, or loses downside categories decisively.
A11: Judge families (name two)
A12: Agreement rule | B12: Axes agree if same winner; disagreement on an axis is recorded as 'contested', not averaged.
A13: Number of runs
A14: Primary control | B14: generic good-instruction ('be thorough, critical, honest'). plain-default is optional/secondary.

Sheet Scoresheet
A1: run_id | B1: question_id | C1: group | D1: scope | E1: judge_family | F1: acc_winner | G1: acc_margin | H1: cal_winner | I1: cal_margin | J1: contra_winner | K1: contra_margin | L1: help_winner | M1: help_margin | N1: notes
D2: =IF(LEFT(C2,1)="D","downside",IF(LEFT(C2,1)="T","trap",""))
D3: =IF(LEFT(C3,1)="D","downside",IF(LEFT(C3,1)="T","trap",""))
D4: =IF(LEFT(C4,1)="D","downside",IF(LEFT(C4,1)="T","trap",""))
D5: =IF(LEFT(C5,1)="D","downside",IF(LEFT(C5,1)="T","trap",""))
D6: =IF(LEFT(C6,1)="D","downside",IF(LEFT(C6,1)="T","trap",""))
D7: =IF(LEFT(C7,1)="D","downside",IF(LEFT(C7,1)="T","trap",""))
D8: =IF(LEFT(C8,1)="D","downside",IF(LEFT(C8,1)="T","trap",""))
D9: =IF(LEFT(C9,1)="D","downside",IF(LEFT(C9,1)="T","trap",""))
D10: =IF(LEFT(C10,1)="D","downside",IF(LEFT(C10,1)="T","trap",""))
D11: =IF(LEFT(C11,1)="D","downside",IF(LEFT(C11,1)="T","trap",""))
D12: =IF(LEFT(C12,1)="D","downside",IF(LEFT(C12,1)="T","trap",""))
D13: =IF(LEFT(C13,1)="D","downside",IF(LEFT(C13,1)="T","trap",""))
... D73: =IF(LEFT(C73,1)="D","downside",IF(LEFT(C73,1)="T","trap",""))

Sheet Summary
A1: Summary — spec vs generic control
A2: Headline is the Downside block (highlighted). Counts auto-update from the Scoresheet. Contra axis: 'spec win' = spec was LESS contrarian (good).
A4: ALL rows
A5: Axis | B5: Spec wins | C5: Generic wins | D5: Ties | E5: Net (spec−gen) | F5: Margin-weighted net
A6: Accuracy (A) | B6: =COUNTIFS(Scoresheet!$F$2:$F$73,"spec") -> 0 | C6: =COUNTIFS(Scoresheet!$F$2:$F$73,"generic") -> 0 | D6: =COUNTIFS(Scoresheet!$F$2:$F$73,"tie") -> 0 | E6: =B6-C6 -> 0 | F6: =3*COUNTIFS(Scoresheet!$F$2:$F$73,"spec",Scoresheet!$G$2:$G$73,"decisive")+2*COUNTIFS(Scoresheet!$F$2:$F$73,"spec",Scoresheet!$G$2:$G$73,"moderate")+1*COUNTIFS(Scoresheet!$F$2:$F$73,"spec",Scoresheet!$G$2:$G$73,"slight")-3*COUNTIFS(Scoresheet!$F$2:$F$73,"generic",Scoresheet!$G$2:$G$73,"decisive")-2*COUNTIFS(Scoresheet!$F$2:$F$73,"generic",Scoresheet!$G$2:$G$73,"moderate")-1*COUNTIFS(Scoresheet!$F$2:$F$73,"generic",Scoresheet!$G$2:$G$73,"slight") -> 0
A7: Calibration (B) | B7: =COUNTIFS(Scoresheet!$H$2:$H$73,"spec") -> 0 | C7: =COUNTIFS(Scoresheet!$H$2:$H$73,"generic") -> 0 | D7: =COUNTIFS(Scoresheet!$H$2:$H$73,"tie") -> 0 | E7: =B7-C7 -> 0 | F7: =3*COUNTIFS(Scoresheet!$H$2:$H$73,"spec",Scoresheet!$I$2:$I$73,"decisive")+2*COUNTIFS(Scoresheet!$H$2:$H$73,"spec",Scoresheet!$I$2:$I$73,"moderate")+1*COUNTIFS(Scoresheet!$H$2:$H$73,"spec",Scoresheet!$I$2:$I$73,"slight")-3*COUNTIFS(Scoresheet!$H$2:$H$73,"generic",Scoresheet!$I$2:$I$73,"decisive")-2*COUNTIFS(Scoresheet!$H$2:$H$73,"generic",Scoresheet!$I$2:$I$73,"moderate")-1*COUNTIFS(Scoresheet!$H$2:$H$73,"generic",Scoresheet!$I$2:$I$73,"slight") -> 0
A8: Contra (C, less=better) | B8: =COUNTIFS(Scoresheet!$J$2:$J$73,"spec") -> 0 | C8: =COUNTIFS(Scoresheet!$J$2:$J$73,"generic") -> 0 | D8: =COUNTIFS(Scoresheet!$J$2:$J$73,"tie") -> 0 | E8: =B8-C8 -> 0 | F8: =3*COUNTIFS(Scoresheet!$J$2:$J$73,"spec",Scoresheet!$K$2:$K$73,"decisive")+2*COUNTIFS(Scoresheet!$J$2:$J$73,"spec",Scoresheet!$K$2:$K$73,"moderate")+1*COUNTIFS(Scoresheet!$J$2:$J$73,"spec",Scoresheet!$K$2:$K$73,"slight")-3*COUNTIFS(Scoresheet!$J$2:$J$73,"generic",Scoresheet!$K$2:$K$73,"decisive")-2*COUNTIFS(Scoresheet!$J$2:$J$73,"generic",Scoresheet!$K$2:$K$73,"moderate")-1*COUNTIFS(Scoresheet!$J$2:$J$73,"generic",Scoresheet!$K$2:$K$73,"slight") -> 0
A9: Helpfulness (D) | B9: =COUNTIFS(Scoresheet!$L$2:$L$73,"spec") -> 0 | C9: =COUNTIFS(Scoresheet!$L$2:$L$73,"generic") -> 0 | D9: =COUNTIFS(Scoresheet!$L$2:$L$73,"tie") -> 0 | E9: =B9-C9 -> 0 | F9: =3*COUNTIFS(Scoresheet!$L$2:$L$73,"spec",Scoresheet!$M$2:$M$73,"decisive")+2*COUNTIFS(Scoresheet!$L$2:$L$73,"spec",Scoresheet!$M$2:$M$73,"moderate")+1*COUNTIFS(Scoresheet!$L$2:$L$73,"spec",Scoresheet!$M$2:$M$73,"slight")-3*COUNTIFS(Scoresheet!$L$2:$L$73,"generic",Scoresheet!$M$2:$M$73,"decisive")-2*COUNTIFS(Scoresheet!$L$2:$L$73,"generic",Scoresheet!$M$2:$M$73,"moderate")-1*COUNTIFS(Scoresheet!$L$2:$L$73,"generic",Scoresheet!$M$2:$M$73,"slight") -> 0
A12: TRAP rows (T1–T6)
A13: Axis | B13: Spec wins | C13: Generic wins | D13: Ties | E13: Net (spec−gen) | F13: Margin-weighted net
A14: Accuracy (A) | B14: =COUNTIFS(Scoresheet!$F$2:$F$73,"spec",Scoresheet!$D$2:$D$73,"trap") -> 0 | C14: =COUNTIFS(Scoresheet!$F$2:$F$73,"generic",Scoresheet!$D$2:$D$73,"trap") -> 0 | D14: =COUNTIFS(Scoresheet!$F$2:$F$73,"tie",Scoresheet!$D$2:$D$73,"trap") -> 0 | E14: =B14-C14 -> 0 | F14: =3*COUNTIFS(Scoresheet!$F$2:$F$73,"spec",Scoresheet!$D$2:$D$73,"trap",Scoresheet!$G$2:$G$73,"decisive")+2*COUNTIFS(Scoresheet!$F$2:$F$73,"spec",Scoresheet!$D$2:$D$73,"trap",Scoresheet!$G$2:$G$73,"moderate")+1*COUNTIFS(Scoresheet!$F$2:$F$73,"spec",Scoresheet!$D$2:$D$73,"trap",Scoresheet!$G$2:$G$73,"slight")-3*COUNTIFS(Scoresheet!$F$2:$F$73,"generic",Scoresheet!$D$2:$D$73,"trap",Scoresheet!$G$2:$G$73,"decisive")-2*COUNTIFS(Scoresheet!$F$2:$F$73,"generic",Scoresheet!$D$2:$D$73,"trap",Scoresheet!$G$2:$G$73,"moderate")-1*COUNTIFS(Scoresheet!$F$2:$F$73,"generic",Scoresheet!$D$2:$D$73,"trap",Scoresheet!$G$2:$G$73,"slight") -> 0
A15: Calibration (B) | B15: =COUNTIFS(Scoresheet!$H$2:$H$73,"spec",Scoresheet!$D$2:$D$73,"trap") -> 0 | C15: =COUNTIFS(Scoresheet!$H$2:$H$73,"generic",Scoresheet!$D$2:$D$73,"trap") -> 0 | D15: =COUNTIFS(Scoresheet!$H$2:$H$73,"tie",Scoresheet!$D$2:$D$73,"trap") -> 0 | E15: =B15-C15 -> 0 | F15: =3*COUNTIFS(Scoresheet!$H$2:$H$73,"spec",Scoresheet!$D$2:$D$73,"trap",Scoresheet!$I$2:$I$73,"decisive")+2*COUNTIFS(Scoresheet!$H$2:$H$73,"spec",Scoresheet!$D$2:$D$73,"trap",Scoresheet!$I$2:$I$73,"moderate")+1*COUNTIFS(Scoresheet!$H$2:$H$73,"spec",Scoresheet!$D$2:$D$73,"trap",Scoresheet!$I$2:$I$73,"slight")-3*COUNTIFS(Scoresheet!$H$2:$H$73,"generic",Scoresheet!$D$2:$D$73,"trap",Scoresheet!$I$2:$I$73,"decisive")-2*COUNTIFS(Scoresheet!$H$2:$H$73,"generic",Scoresheet!$D$2:$D$73,"trap",Scoresheet!$I$2:$I$73,"moderate")-1*COUNTIFS(Scoresheet!$H$2:$H$73,"generic",Scoresheet!$D$2:$D$73,"trap",Scoresheet!$I$2:$I$73,"slight") -> 0
A16: Contra (C, less=better) | B16: =COUNTIFS(Scoresheet!$J$2:$J$73,"spec",Scoresheet!$D$2:$D$73,"trap") -> 0 | C16: =COUNTIFS(Scoresheet!$J$2:$J$73,"generic",Scoresheet!$D$2:$D$73,"trap") -> 0 | D16: =COUNTIFS(Scoresheet!$J$2:$J$73,"tie",Scoresheet!$D$2:$D$73,"trap") -> 0 | E16: =B16-C16 -> 0 | F16: =3*COUNTIFS(Scoresheet!$J$2:$J$73,"spec",Scoresheet!$D$2:$D$73,"trap",Scoresheet!$K$2:$K$73,"decisive")+2*COUNTIFS(Scoresheet!$J$2:$J$73,"spec",Scoresheet!$D$2:$D$73,"trap",Scoresheet!$K$2:$K$73,"moderate")+1*COUNTIFS(Scoresheet!$J$2:$J$73,"spec",Scoresheet!$D$2:$D$73,"trap",Scoresheet!$K$2:$K$73,"slight")-3*COUNTIFS(Scoresheet!$J$2:$J$73,"generic",Scoresheet!$D$2:$D$73,"trap",Scoresheet!$K$2:$K$73,"decisive")-2*COUNTIFS(Scoresheet!$J$2:$J$73,"generic",Scoresheet!$D$2:$D$73,"trap",Scoresheet!$K$2:$K$73,"moderate")-1*COUNTIFS(Scoresheet!$J$2:$J$73,"generic",Scoresheet!$D$2:$D$73,"trap",Scoresheet!$K$2:$K$73,"slight") -> 0
A17: Helpfulness (D) | B17: =COUNTIFS(Scoresheet!$L$2:$L$73,"spec",Scoresheet!$D$2:$D$73,"trap") -> 0 | C17: =COUNTIFS(Scoresheet!$L$2:$L$73,"generic",Scoresheet!$D$2:$D$73,"trap") -> 0 | D17: =COUNTIFS(Scoresheet!$L$2:$L$73,"tie",Scoresheet!$D$2:$D$73,"trap") -> 0 | E17: =B17-C17 -> 0 | F17: =3*COUNTIFS(Scoresheet!$L$2:$L$73,"spec",Scoresheet!$D$2:$D$73,"trap",Scoresheet!$M$2:$M$73,"decisive")+2*COUNTIFS(Scoresheet!$L$2:$L$73,"spec",Scoresheet!$D$2:$D$73,"trap",Scoresheet!$M$2:$M$73,"moderate")+1*COUNTIFS(Scoresheet!$L$2:$L$73,"spec",Scoresheet!$D$2:$D$73,"trap",Scoresheet!$M$2:$M$73,"slight")-3*COUNTIFS(Scoresheet!$L$2:$L$73,"generic",Scoresheet!$D$2:$D$73,"trap",Scoresheet!$M$2:$M$73,"decisive")-2*COUNTIFS(Scoresheet!$L$2:$L$73,"generic",Scoresheet!$D$2:$D$73,"trap",Scoresheet!$M$2:$M$73,"moderate")-1*COUNTIFS(Scoresheet!$L$2:$L$73,"generic",Scoresheet!$D$2:$D$73,"trap",Scoresheet!$M$2:$M$73,"slight") -> 0
A20: DOWNSIDE rows (D1–D6) — HEADLINE
A21: Axis | B21: Spec wins | C21: Generic wins | D21: Ties | E21: Net (spec−gen) | F21: Margin-weighted net
A22: Accuracy (A) | B22: =COUNTIFS(Scoresheet!$F$2:$F$73,"spec",Scoresheet!$D$2:$D$73,"downside") -> 0 | C22: =COUNTIFS(Scoresheet!$F$2:$F$73,"generic",Scoresheet!$D$2:$D$73,"downside") -> 0 | D22: =COUNTIFS(Scoresheet!$F$2:$F$73,"tie",Scoresheet!$D$2:$D$73,"downside") -> 0 | E22: =B22-C22 -> 0 | F22: =3*COUNTIFS(Scoresheet!$F$2:$F$73,"spec",Scoresheet!$D$2:$D$73,"downside",Scoresheet!$G$2:$G$73,"decisive")+2*COUNTIFS(Scoresheet!$F$2:$F$73,"spec",Scoresheet!$D$2:$D$73,"downside",Scoresheet!$G$2:$G$73,"moderate")+1*COUNTIFS(Scoresheet!$F$2:$F$73,"spec",Scoresheet!$D$2:$D$73,"downside",Scoresheet!$G$2:$G$73,"slight")-3*COUNTIFS(Scoresheet!$F$2:$F$73,"generic",Scoresheet!$D$2:$D$73,"downside",Scoresheet!$G$2:$G$73,"decisive")-2*COUNTIFS(Scoresheet!$F$2:$F$73,"generic",Scoresheet!$D$2:$D$73,"downside",Scoresheet!$G$2:$G$73,"moderate")-1*COUNTIFS(Scoresheet!$F$2:$F$73,"generic",Scoresheet!$D$2:$D$73,"downside",Scoresheet!$G$2:$G$73,"slight") -> 0
A23: Calibration (B) | B23: =COUNTIFS(Scoresheet!$H$2:$H$73,"spec",Scoresheet!$D$2:$D$73,"downside") -> 0 | C23: =COUNTIFS(Scoresheet!$H$2:$H$73,"generic",Scoresheet!$D$2:$D$73,"downside") -> 0 | D23: =COUNTIFS(Scoresheet!$H$2:$H$73,"tie",Scoresheet!$D$2:$D$73,"downside") -> 0 | E23: =B23-C23 -> 0 | F23: =3*COUNTIFS(Scoresheet!$H$2:$H$73,"spec",Scoresheet!$D$2:$D$73,"downside",Scoresheet!$I$2:$I$73,"decisive")+2*COUNTIFS(Scoresheet!$H$2:$H$73,"spec",Scoresheet!$D$2:$D$73,"downside",Scoresheet!$I$2:$I$73,"moderate")+1*COUNTIFS(Scoresheet!$H$2:$H$73,"spec",Scoresheet!$D$2:$D$73,"downside",Scoresheet!$I$2:$I$73,"slight")-3*COUNTIFS(Scoresheet!$H$2:$H$73,"generic",Scoresheet!$D$2:$D$73,"downside",Scoresheet!$I$2:$I$73,"decisive")-2*COUNTIFS(Scoresheet!$H$2:$H$73,"generic",Scoresheet!$D$2:$D$73,"downside",Scoresheet!$I$2:$I$73,"moderate")-1*COUNTIFS(Scoresheet!$H$2:$H$73,"generic",Scoresheet!$D$2:$D$73,"downside",Scoresheet!$I$2:$I$73,"slight") -> 0
A24: Contra (C, less=better) | B24: =COUNTIFS(Scoresheet!$J$2:$J$73,"spec",Scoresheet!$D$2:$D$73,"downside") -> 0 | C24: =COUNTIFS(Scoresheet!$J$2:$J$73,"generic",Scoresheet!$D$2:$D$73,"downside") -> 0 | D24: =COUNTIFS(Scoresheet!$J$2:$J$73,"tie",Scoresheet!$D$2:$D$73,"downside") -> 0 | E24: =B24-C24 -> 0 | F24: =3*COUNTIFS(Scoresheet!$J$2:$J$73,"spec",Scoresheet!$D$2:$D$73,"downside",Scoresheet!$K$2:$K$73,"decisive")+2*COUNTIFS(Scoresheet!$J$2:$J$73,"spec",Scoresheet!$D$2:$D$73,"downside",Scoresheet!$K$2:$K$73,"moderate")+1*COUNTIFS(Scoresheet!$J$2:$J$73,"spec",Scoresheet!$D$2:$D$73,"downside",Scoresheet!$K$2:$K$73,"slight")-3*COUNTIFS(Scoresheet!$J$2:$J$73,"generic",Scoresheet!$D$2:$D$73,"downside",Scoresheet!$K$2:$K$73,"decisive")-2*COUNTIFS(Scoresheet!$J$2:$J$73,"generic",Scoresheet!$D$2:$D$73,"downside",Scoresheet!$K$2:$K$73,"moderate")-1*COUNTIFS(Scoresheet!$J$2:$J$73,"generic",Scoresheet!$D$2:$D$73,"downside",Scoresheet!$K$2:$K$73,"slight") -> 0
A25: Helpfulness (D) | B25: =COUNTIFS(Scoresheet!$L$2:$L$73,"spec",Scoresheet!$D$2:$D$73,"downside") -> 0 | C25: =COUNTIFS(Scoresheet!$L$2:$L$73,"generic",Scoresheet!$D$2:$D$73,"downside") -> 0 | D25: =COUNTIFS(Scoresheet!$L$2:$L$73,"tie",Scoresheet!$D$2:$D$73,"downside") -> 0 | E25: =B25-C25 -> 0 | F25: =3*COUNTIFS(Scoresheet!$L$2:$L$73,"spec",Scoresheet!$D$2:$D$73,"downside",Scoresheet!$M$2:$M$73,"decisive")+2*COUNTIFS(Scoresheet!$L$2:$L$73,"spec",Scoresheet!$D$2:$D$73,"downside",Scoresheet!$M$2:$M$73,"moderate")+1*COUNTIFS(Scoresheet!$L$2:$L$73,"spec",Scoresheet!$D$2:$D$73,"downside",Scoresheet!$M$2:$M$73,"slight")-3*COUNTIFS(Scoresheet!$L$2:$L$73,"generic",Scoresheet!$D$2:$D$73,"downside",Scoresheet!$M$2:$M$73,"decisive")-2*COUNTIFS(Scoresheet!$L$2:$L$73,"generic",Scoresheet!$D$2:$D$73,"downside",Scoresheet!$M$2:$M$73,"moderate")-1*COUNTIFS(Scoresheet!$L$2:$L$73,"generic",Scoresheet!$D$2:$D$73,"downside",Scoresheet!$M$2:$M$73,"slight") -> 0
A28: Read against the pre-registration, not a fresh look at the numbers. Positive Net favors spec; on Contra, positive Net means spec was less contrarian. A spec that wins Trap but loses Downside is a register preference, not an improvement.
